200,100,john,axel
250,200,pepe,pepe
320,300,maria,maria
515,500,pepe,pepa
750,700,lucas,luca
1000.12345,1000.12345,cata,cata